<?xml version="1.0" encoding="UTF-8"?>
<GenRun Id="impl_1" LaunchPart="xc7a35tftg256-2" LaunchTime="1742858326">
  <File Type="ROUTE-PWR" Name="Au2_SLI_power_routed.rpt"/>
  <File Type="PA-TCL" Name="Au2_SLI.tcl"/>
  <File Type="ROUTE-PWR-SUM" Name="Au2_SLI_power_summary_routed.pb"/>
  <File Type="REPORTS-TCL" Name="Au2_SLI_reports.tcl"/>
  <File Type="BITSTR-MSK" Name="Au2_SLI.msk"/>
  <File Type="ROUTE-CLK" Name="Au2_SLI_clock_utilization_routed.rpt"/>
  <File Type="RDI-RDI" Name="Au2_SLI.vdi"/>
  <File Type="POSTROUTE-PHYSOPT-BUS-SKEW-PB" Name="Au2_SLI_bus_skew_postroute_physopted.pb"/>
  <File Type="BG-BIT" Name="Au2_SLI.bit"/>
  <File Type="BG-DRC" Name="Au2_SLI.drc"/>
  <File Type="BG-BGN" Name="Au2_SLI.bgn"/>
  <File Type="BG-BIN" Name="Au2_SLI.bin"/>
  <File Type="BITSTR-RBT" Name="Au2_SLI.rbt"/>
  <File Type="BITSTR-NKY" Name="Au2_SLI.nky"/>
  <File Type="BITSTR-BMM" Name="Au2_SLI_bd.bmm"/>
  <File Type="BITSTR-MMI" Name="Au2_SLI.mmi"/>
  <File Type="ROUTE-METHODOLOGY-DRC" Name="Au2_SLI_methodology_drc_routed.rpt"/>
  <File Type="BITSTR-SYSDEF" Name="Au2_SLI.sysdef"/>
  <File Type="BITSTR-LTX" Name="debug_nets.ltx"/>
  <File Type="BITSTR-LTX" Name="Au2_SLI.ltx"/>
  <File Type="WBT-USG" Name="usage_statistics_webtalk.html"/>
  <File Type="OPT-DRC" Name="Au2_SLI_drc_opted.rpt"/>
  <File Type="OPT-HWDEF" Name="Au2_SLI.hwdef"/>
  <File Type="PLACE-IO" Name="Au2_SLI_io_placed.rpt"/>
  <File Type="PLACE-UTIL" Name="Au2_SLI_utilization_placed.rpt"/>
  <File Type="PLACE-UTIL-PB" Name="Au2_SLI_utilization_placed.pb"/>
  <File Type="PLACE-CTRL" Name="Au2_SLI_control_sets_placed.rpt"/>
  <File Type="PLACE-PRE-SIMILARITY" Name="Au2_SLI_incremental_reuse_pre_placed.rpt"/>
  <File Type="ROUTE-DRC" Name="Au2_SLI_drc_routed.rpt"/>
  <File Type="ROUTE-DRC-PB" Name="Au2_SLI_drc_routed.pb"/>
  <File Type="ROUTE-PWR-RPX" Name="Au2_SLI_power_routed.rpx"/>
  <File Type="ROUTE-STATUS" Name="Au2_SLI_route_status.rpt"/>
  <File Type="ROUTE-STATUS-PB" Name="Au2_SLI_route_status.pb"/>
  <File Type="ROUTE-DCP" Name="Au2_SLI_routed.dcp"/>
  <File Type="ROUTE-ERROR-DCP" Name="Au2_SLI_routed_error.dcp"/>
  <File Type="ROUTE-BLACKBOX-DCP" Name="Au2_SLI_routed_bb.dcp"/>
  <File Type="ROUTE-TIMINGSUMMARY" Name="Au2_SLI_timing_summary_routed.rpt"/>
  <File Type="ROUTE-TIMING-PB" Name="Au2_SLI_timing_summary_routed.pb"/>
  <File Type="ROUTE-TIMING-RPX" Name="Au2_SLI_timing_summary_routed.rpx"/>
  <File Type="ROUTE-SIMILARITY" Name="Au2_SLI_incremental_reuse_routed.rpt"/>
  <File Type="ROUTE-BUS-SKEW" Name="Au2_SLI_bus_skew_routed.rpt"/>
  <File Type="ROUTE-BUS-SKEW-PB" Name="Au2_SLI_bus_skew_routed.pb"/>
  <File Type="ROUTE-BUS-SKEW-RPX" Name="Au2_SLI_bus_skew_routed.rpx"/>
  <File Type="OPT-DCP" Name="Au2_SLI_opt.dcp"/>
  <File Type="PLACE-DCP" Name="Au2_SLI_placed.dcp"/>
  <File Type="PWROPT-DCP" Name="Au2_SLI_pwropt.dcp"/>
  <File Type="POSTPLACE-PWROPT-DCP" Name="Au2_SLI_postplace_pwropt.dcp"/>
  <File Type="PHYSOPT-DCP" Name="Au2_SLI_physopt.dcp"/>
  <File Type="POSTROUTE-PHYSOPT-DCP" Name="Au2_SLI_postroute_physopt.dcp"/>
  <File Type="POSTROUTE-PHYSOPT-BLACKBOX-DCP" Name="Au2_SLI_postroute_physopt_bb.dcp"/>
  <File Type="POSTROUTE-PHYSOPT-TIMING" Name="Au2_SLI_timing_summary_postroute_physopted.rpt"/>
  <File Type="POSTROUTE-PHYSOPT-TIMING-PB" Name="Au2_SLI_timing_summary_postroute_physopted.pb"/>
  <File Type="POSTROUTE-PHYSOPT-TIMING-RPX" Name="Au2_SLI_timing_summary_postroute_physopted.rpx"/>
  <File Type="POSTROUTE-PHYSOPT-BUS-SKEW" Name="Au2_SLI_bus_skew_postroute_physopted.rpt"/>
  <File Type="POSTROUTE-PHYSOPT-BUS-SKEW-RPX" Name="Au2_SLI_bus_skew_postroute_physopted.rpx"/>
  <File Type="ROUTE-METHODOLOGY-DRC-PB" Name="Au2_SLI_methodology_drc_routed.pb"/>
  <File Type="ROUTE-DRC-RPX" Name="Au2_SLI_drc_routed.rpx"/>
  <File Type="ROUTE-METHODOLOGY-DRC-RPX" Name="Au2_SLI_methodology_drc_routed.rpx"/>
  <File Type="PDI-FILE" Name="Au2_SLI.pdi"/>
  <File Type="BOOT-PDI-FILE" Name="Au2_SLI_boot.pdi"/>
  <File Type="PL-PDI-FILE" Name="Au2_SLI_pld.pdi"/>
  <File Type="RCFI_FILE" Name="Au2_SLI.rcfi"/>
  <File Type="CFI_FILE" Name="Au2_SLI.cfi"/>
  <File Type="RNPI_FILE" Name="Au2_SLI.rnpi"/>
  <File Type="NPI_FILE" Name="Au2_SLI.npi"/>
  <File Type="RBD_FILE" Name="Au2_SLI.rbd"/>
  <File Type="ROUTE-RQS" Name="Au2_SLI_routed.rqs"/>
  <File Type="POSTROUTE-PHYSOPT-RQS" Name="Au2_SLI_postroute_physopted.rqs"/>
  <File Type="ROUTE-RQS-RPT" Name="route_report_qor_suggestions_0.rpt"/>
  <File Type="POSTROUTE-PHYSOPT-RQS-RPT" Name="postroute_physopt_report_qor_suggestions_0.rpt"/>
  <FileSet Name="sources" Type="DesignSrcs" RelSrcDir="$PSRCDIR/sources_1" RelGenDir="$PGENDIR/sources_1">
    <Filter Type="Srcs"/>
    <File Path="$PSRCDIR/sources_1/imports/RTL/clk_selector.v">
      <FileInfo>
        <Attr Name="ImportPath" Val="D:/Documents/temp/RTL/clk_selector.v"/>
        <Attr Name="ImportTime" Val="1736651178"/>
        <Attr Name="UsedIn" Val="synthesis"/>
        <Attr Name="UsedIn" Val="implementation"/>
        <Attr Name="UsedIn" Val="simulation"/>
      </FileInfo>
    </File>
    <File Path="$PSRCDIR/sources_1/imports/RTL/delay1Bit.v">
      <FileInfo>
        <Attr Name="ImportPath" Val="D:/Documents/temp/RTL/delay1Bit.v"/>
        <Attr Name="ImportTime" Val="1736461184"/>
        <Attr Name="UsedIn" Val="synthesis"/>
        <Attr Name="UsedIn" Val="implementation"/>
        <Attr Name="UsedIn" Val="simulation"/>
      </FileInfo>
    </File>
    <File Path="$PSRCDIR/sources_1/imports/RTL/pixel_pipe.v">
      <FileInfo>
        <Attr Name="ImportPath" Val="D:/Documents/temp/RTL/pixel_pipe.v"/>
        <Attr Name="ImportTime" Val="1739490481"/>
        <Attr Name="UsedIn" Val="synthesis"/>
        <Attr Name="UsedIn" Val="implementation"/>
        <Attr Name="UsedIn" Val="simulation"/>
      </FileInfo>
    </File>
    <File Path="$PSRCDIR/sources_1/imports/RTL/alignment_detect.vhd">
      <FileInfo>
        <Attr Name="ImportPath" Val="D:/Documents/temp/RTL/alignment_detect.vhd"/>
        <Attr Name="ImportTime" Val="1734058524"/>
        <Attr Name="UsedIn" Val="synthesis"/>
        <Attr Name="UsedIn" Val="simulation"/>
      </FileInfo>
    </File>
    <File Path="$PSRCDIR/sources_1/imports/RTL/deserialiser_1_to_10.vhd">
      <FileInfo>
        <Attr Name="ImportPath" Val="D:/Documents/temp/RTL/deserialiser_1_to_10.vhd"/>
        <Attr Name="ImportTime" Val="1736461238"/>
        <Attr Name="UsedIn" Val="synthesis"/>
        <Attr Name="UsedIn" Val="simulation"/>
      </FileInfo>
    </File>
    <File Path="$PSRCDIR/sources_1/imports/RTL/dvid_output.vhd">
      <FileInfo>
        <Attr Name="ImportPath" Val="D:/Documents/temp/RTL/dvid_output.vhd"/>
        <Attr Name="ImportTime" Val="1736476810"/>
        <Attr Name="UsedIn" Val="synthesis"/>
        <Attr Name="UsedIn" Val="simulation"/>
      </FileInfo>
    </File>
    <File Path="$PSRCDIR/sources_1/imports/RTL/edid_rom.vhd">
      <FileInfo>
        <Attr Name="ImportPath" Val="D:/Documents/temp/RTL/edid_rom.vhd"/>
        <Attr Name="ImportTime" Val="1736402016"/>
        <Attr Name="UsedIn" Val="synthesis"/>
        <Attr Name="UsedIn" Val="simulation"/>
      </FileInfo>
    </File>
    <File Path="$PSRCDIR/sources_1/imports/RTL/hdmi_input.vhd">
      <FileInfo>
        <Attr Name="ImportPath" Val="D:/Documents/temp/RTL/hdmi_input.vhd"/>
        <Attr Name="ImportTime" Val="1739490140"/>
        <Attr Name="UsedIn" Val="synthesis"/>
        <Attr Name="UsedIn" Val="simulation"/>
      </FileInfo>
    </File>
    <File Path="$PSRCDIR/sources_1/imports/RTL/hdmi_io.vhd">
      <FileInfo>
        <Attr Name="ImportPath" Val="D:/Documents/temp/RTL/hdmi_io.vhd"/>
        <Attr Name="ImportTime" Val="1736660082"/>
        <Attr Name="UsedIn" Val="synthesis"/>
        <Attr Name="UsedIn" Val="simulation"/>
      </FileInfo>
    </File>
    <File Path="$PSRCDIR/sources_1/imports/RTL/input_channel.vhd">
      <FileInfo>
        <Attr Name="ImportPath" Val="D:/Documents/temp/RTL/input_channel.vhd"/>
        <Attr Name="ImportTime" Val="1733394568"/>
        <Attr Name="UsedIn" Val="synthesis"/>
        <Attr Name="UsedIn" Val="simulation"/>
      </FileInfo>
    </File>
    <File Path="$PSRCDIR/sources_1/imports/RTL/serialiser_10_to_1.vhd">
      <FileInfo>
        <Attr Name="ImportPath" Val="D:/Documents/temp/RTL/serialiser_10_to_1.vhd"/>
        <Attr Name="ImportTime" Val="1734059030"/>
        <Attr Name="UsedIn" Val="synthesis"/>
        <Attr Name="UsedIn" Val="simulation"/>
      </FileInfo>
    </File>
    <File Path="$PSRCDIR/sources_1/imports/RTL/tmds_decoder.vhd">
      <FileInfo>
        <Attr Name="ImportPath" Val="D:/Documents/temp/RTL/tmds_decoder.vhd"/>
        <Attr Name="ImportTime" Val="1734058618"/>
        <Attr Name="UsedIn" Val="synthesis"/>
        <Attr Name="UsedIn" Val="simulation"/>
      </FileInfo>
    </File>
    <File Path="$PSRCDIR/sources_1/imports/RTL/tmds_encoder.vhd">
      <FileInfo>
        <Attr Name="ImportPath" Val="D:/Documents/temp/RTL/tmds_encoder.vhd"/>
        <Attr Name="ImportTime" Val="1734058928"/>
        <Attr Name="UsedIn" Val="synthesis"/>
        <Attr Name="UsedIn" Val="simulation"/>
      </FileInfo>
    </File>
    <File Path="$PSRCDIR/sources_1/imports/RTL/vga.vhd">
      <FileInfo>
        <Attr Name="ImportPath" Val="D:/Documents/temp/RTL/vga.vhd"/>
        <Attr Name="ImportTime" Val="1739482540"/>
        <Attr Name="UsedIn" Val="synthesis"/>
        <Attr Name="UsedIn" Val="simulation"/>
      </FileInfo>
    </File>
    <File Path="$PSRCDIR/sources_1/imports/RTL/Au2_SLI.vhd">
      <FileInfo>
        <Attr Name="ImportPath" Val="D:/Documents/temp/RTL/Au2_SLI.vhd"/>
        <Attr Name="ImportTime" Val="1742012336"/>
        <Attr Name="UsedIn" Val="synthesis"/>
        <Attr Name="UsedIn" Val="simulation"/>
      </FileInfo>
    </File>
    <File Path="$PSRCDIR/sources_1/imports/RTL/LUT.coe">
      <FileInfo>
        <Attr Name="ImportPath" Val="D:/Documents/temp/RTL/LUT.coe"/>
        <Attr Name="ImportTime" Val="1741556969"/>
        <Attr Name="UsedIn" Val="synthesis"/>
        <Attr Name="UsedIn" Val="simulation"/>
      </FileInfo>
    </File>
    <File Path="$PSRCDIR/sources_1/imports/RTL/LUT2coe.m">
      <FileInfo>
        <Attr Name="ImportPath" Val="D:/Documents/temp/RTL/LUT2coe.m"/>
        <Attr Name="ImportTime" Val="1741557180"/>
      </FileInfo>
    </File>
    <File Path="$PSRCDIR/sources_1/imports/RTL/indexMap.coe">
      <FileInfo>
        <Attr Name="ImportPath" Val="D:/Documents/temp/RTL/indexMap.coe"/>
        <Attr Name="ImportTime" Val="1739303933"/>
        <Attr Name="UsedIn" Val="synthesis"/>
        <Attr Name="UsedIn" Val="simulation"/>
      </FileInfo>
    </File>
    <File Path="$PSRCDIR/sources_1/imports/RTL/LUT_V.coe">
      <FileInfo>
        <Attr Name="ImportPath" Val="D:/Documents/temp/RTL/LUT_V.coe"/>
        <Attr Name="ImportTime" Val="1741556970"/>
        <Attr Name="UsedIn" Val="synthesis"/>
        <Attr Name="UsedIn" Val="simulation"/>
      </FileInfo>
    </File>
    <File Path="$PSRCDIR/sources_1/imports/RTL/indexMapping.m">
      <FileInfo>
        <Attr Name="ImportPath" Val="D:/Documents/temp/RTL/indexMapping.m"/>
        <Attr Name="ImportTime" Val="1739303937"/>
      </FileInfo>
    </File>
    <File Path="$PSRCDIR/sources_1/imports/RTL/indexMapV.coe">
      <FileInfo>
        <Attr Name="ImportPath" Val="D:/Documents/temp/RTL/indexMapV.coe"/>
        <Attr Name="ImportTime" Val="1739303940"/>
        <Attr Name="UsedIn" Val="synthesis"/>
        <Attr Name="UsedIn" Val="simulation"/>
      </FileInfo>
    </File>
    <Config>
      <Option Name="DesignMode" Val="RTL"/>
      <Option Name="TopModule" Val="Au2_SLI"/>
      <Option Name="TopAutoSet" Val="TRUE"/>
    </Config>
  </FileSet>
  <FileSet Name="constrs_in" Type="Constrs" RelSrcDir="$PSRCDIR/constrs_1" RelGenDir="$PGENDIR/constrs_1">
    <Filter Type="Constrs"/>
    <File Path="$PSRCDIR/constrs_1/imports/RTL/Au2.xdc">
      <FileInfo>
        <Attr Name="ImportPath" Val="D:/Documents/temp/RTL/Au2.xdc"/>
        <Attr Name="ImportTime" Val="1741806391"/>
        <Attr Name="UsedIn" Val="synthesis"/>
        <Attr Name="UsedIn" Val="implementation"/>
      </FileInfo>
    </File>
    <Config>
      <Option Name="ConstrsType" Val="XDC"/>
    </Config>
  </FileSet>
  <FileSet Name="utils" Type="Utils" RelSrcDir="$PSRCDIR/utils_1" RelGenDir="$PGENDIR/utils_1">
    <Filter Type="Utils"/>
    <File Path="$PSRCDIR/utils_1/imports/synth_1/Au2_SLI.dcp">
      <FileInfo>
        <Attr Name="UsedIn" Val="synthesis"/>
        <Attr Name="UsedIn" Val="implementation"/>
        <Attr Name="UsedInSteps" Val="synth_1"/>
        <Attr Name="AutoDcp" Val="1"/>
      </FileInfo>
    </File>
    <Config>
      <Option Name="TopAutoSet" Val="TRUE"/>
    </Config>
  </FileSet>
  <Strategy Version="1" Minor="2">
    <StratHandle Name="Vivado Implementation Defaults" Flow="Vivado Implementation 2024"/>
    <Step Id="init_design"/>
    <Step Id="opt_design"/>
    <Step Id="power_opt_design"/>
    <Step Id="place_design"/>
    <Step Id="post_place_power_opt_design"/>
    <Step Id="phys_opt_design"/>
    <Step Id="route_design"/>
    <Step Id="post_route_phys_opt_design"/>
    <Step Id="write_bitstream">
      <Option Id="BinFile">1</Option>
    </Step>
    <Step Id="write_device_image"/>
  </Strategy>
  <BlockFileSet Type="BlockSrcs" Name="ref_clk"/>
  <BlockFileSet Type="BlockSrcs" Name="LUT"/>
  <BlockFileSet Type="BlockSrcs" Name="LUT_V"/>
  <BlockFileSet Type="BlockSrcs" Name="indexMap"/>
  <BlockFileSet Type="BlockSrcs" Name="indexMapV"/>
</GenRun>
