<?xml version="1.0" encoding="UTF-8"?>
<GenRun Id="synth_1" LaunchPart="xc7a35tftg256-2" LaunchTime="1745346351" LaunchIncrCheckpoint="$PSRCDIR/utils_1/imports/synth_1/Au2_SLI.dcp">
  <File Type="PA-TCL" Name="Au2_SLI.tcl"/>
  <File Type="RDS-PROPCONSTRS" Name="Au2_SLI_drc_synth.rpt"/>
  <File Type="REPORTS-TCL" Name="Au2_SLI_reports.tcl"/>
  <File Type="RDS-RDS" Name="Au2_SLI.vds"/>
  <File Type="RDS-UTIL" Name="Au2_SLI_utilization_synth.rpt"/>
  <File Type="RDS-UTIL-PB" Name="Au2_SLI_utilization_synth.pb"/>
  <File Type="RDS-DCP" Name="Au2_SLI.dcp"/>
  <File Type="VDS-TIMINGSUMMARY" Name="Au2_SLI_timing_summary_synth.rpt"/>
  <File Type="VDS-TIMING-PB" Name="Au2_SLI_timing_summary_synth.pb"/>
  <FileSet Name="sources" Type="DesignSrcs" RelSrcDir="$PSRCDIR/sources_1" RelGenDir="$PGENDIR/sources_1">
    <Filter Type="Srcs"/>
    <File Path="$PSRCDIR/sources_1/imports/RTL/clk_selector.v">
      <FileInfo>
        <Attr Name="ImportPath" Val="D:/Documents/temp/RTL/clk_selector.v"/>
        <Attr Name="ImportTime" Val="1736651178"/>
        <Attr Name="UsedIn" Val="synthesis"/>
        <Attr Name="UsedIn" Val="implementation"/>
        <Attr Name="UsedIn" Val="simulation"/>
      </FileInfo>
    </File>
    <File Path="$PSRCDIR/sources_1/imports/RTL/delay1Bit.v">
      <FileInfo>
        <Attr Name="ImportPath" Val="D:/Documents/temp/RTL/delay1Bit.v"/>
        <Attr Name="ImportTime" Val="1736461184"/>
        <Attr Name="UsedIn" Val="synthesis"/>
        <Attr Name="UsedIn" Val="implementation"/>
        <Attr Name="UsedIn" Val="simulation"/>
      </FileInfo>
    </File>
    <File Path="$PSRCDIR/sources_1/imports/RTL/pixel_pipe.v">
      <FileInfo>
        <Attr Name="ImportPath" Val="D:/Documents/temp/RTL/pixel_pipe.v"/>
        <Attr Name="ImportTime" Val="1739490481"/>
        <Attr Name="UsedIn" Val="synthesis"/>
        <Attr Name="UsedIn" Val="implementation"/>
        <Attr Name="UsedIn" Val="simulation"/>
      </FileInfo>
    </File>
    <File Path="$PSRCDIR/sources_1/imports/RTL/alignment_detect.vhd">
      <FileInfo>
        <Attr Name="ImportPath" Val="D:/Documents/temp/RTL/alignment_detect.vhd"/>
        <Attr Name="ImportTime" Val="1734058524"/>
        <Attr Name="UsedIn" Val="synthesis"/>
        <Attr Name="UsedIn" Val="simulation"/>
      </FileInfo>
    </File>
    <File Path="$PSRCDIR/sources_1/imports/RTL/deserialiser_1_to_10.vhd">
      <FileInfo>
        <Attr Name="ImportPath" Val="D:/Documents/temp/RTL/deserialiser_1_to_10.vhd"/>
        <Attr Name="ImportTime" Val="1736461238"/>
        <Attr Name="UsedIn" Val="synthesis"/>
        <Attr Name="UsedIn" Val="simulation"/>
      </FileInfo>
    </File>
    <File Path="$PSRCDIR/sources_1/imports/RTL/dvid_output.vhd">
      <FileInfo>
        <Attr Name="ImportPath" Val="D:/Documents/temp/RTL/dvid_output.vhd"/>
        <Attr Name="ImportTime" Val="1736476810"/>
        <Attr Name="UsedIn" Val="synthesis"/>
        <Attr Name="UsedIn" Val="simulation"/>
      </FileInfo>
    </File>
    <File Path="$PSRCDIR/sources_1/imports/RTL/edid_rom.vhd">
      <FileInfo>
        <Attr Name="ImportPath" Val="D:/Documents/temp/RTL/edid_rom.vhd"/>
        <Attr Name="ImportTime" Val="1736402016"/>
        <Attr Name="UsedIn" Val="synthesis"/>
        <Attr Name="UsedIn" Val="simulation"/>
      </FileInfo>
    </File>
    <File Path="$PSRCDIR/sources_1/imports/RTL/hdmi_input.vhd">
      <FileInfo>
        <Attr Name="ImportPath" Val="D:/Documents/temp/RTL/hdmi_input.vhd"/>
        <Attr Name="ImportTime" Val="1739490140"/>
        <Attr Name="UsedIn" Val="synthesis"/>
        <Attr Name="UsedIn" Val="simulation"/>
      </FileInfo>
    </File>
    <File Path="$PSRCDIR/sources_1/imports/RTL/hdmi_io.vhd">
      <FileInfo>
        <Attr Name="ImportPath" Val="D:/Documents/temp/RTL/hdmi_io.vhd"/>
        <Attr Name="ImportTime" Val="1736660082"/>
        <Attr Name="UsedIn" Val="synthesis"/>
        <Attr Name="UsedIn" Val="simulation"/>
      </FileInfo>
    </File>
    <File Path="$PSRCDIR/sources_1/imports/RTL/input_channel.vhd">
      <FileInfo>
        <Attr Name="ImportPath" Val="D:/Documents/temp/RTL/input_channel.vhd"/>
        <Attr Name="ImportTime" Val="1733394568"/>
        <Attr Name="UsedIn" Val="synthesis"/>
        <Attr Name="UsedIn" Val="simulation"/>
      </FileInfo>
    </File>
    <File Path="$PSRCDIR/sources_1/imports/RTL/serialiser_10_to_1.vhd">
      <FileInfo>
        <Attr Name="ImportPath" Val="D:/Documents/temp/RTL/serialiser_10_to_1.vhd"/>
        <Attr Name="ImportTime" Val="1734059030"/>
        <Attr Name="UsedIn" Val="synthesis"/>
        <Attr Name="UsedIn" Val="simulation"/>
      </FileInfo>
    </File>
    <File Path="$PSRCDIR/sources_1/imports/RTL/tmds_decoder.vhd">
      <FileInfo>
        <Attr Name="ImportPath" Val="D:/Documents/temp/RTL/tmds_decoder.vhd"/>
        <Attr Name="ImportTime" Val="1734058618"/>
        <Attr Name="UsedIn" Val="synthesis"/>
        <Attr Name="UsedIn" Val="simulation"/>
      </FileInfo>
    </File>
    <File Path="$PSRCDIR/sources_1/imports/RTL/tmds_encoder.vhd">
      <FileInfo>
        <Attr Name="ImportPath" Val="D:/Documents/temp/RTL/tmds_encoder.vhd"/>
        <Attr Name="ImportTime" Val="1734058928"/>
        <Attr Name="UsedIn" Val="synthesis"/>
        <Attr Name="UsedIn" Val="simulation"/>
      </FileInfo>
    </File>
    <File Path="$PSRCDIR/sources_1/imports/RTL/vga.vhd">
      <FileInfo>
        <Attr Name="ImportPath" Val="D:/Documents/temp/RTL/vga.vhd"/>
        <Attr Name="ImportTime" Val="1739482540"/>
        <Attr Name="UsedIn" Val="synthesis"/>
        <Attr Name="UsedIn" Val="simulation"/>
      </FileInfo>
    </File>
    <File Path="$PSRCDIR/sources_1/imports/RTL/Au2_SLI.vhd">
      <FileInfo>
        <Attr Name="ImportPath" Val="D:/Documents/temp/RTL/Au2_SLI.vhd"/>
        <Attr Name="ImportTime" Val="1742012336"/>
        <Attr Name="UsedIn" Val="synthesis"/>
        <Attr Name="UsedIn" Val="simulation"/>
      </FileInfo>
    </File>
    <File Path="$PSRCDIR/sources_1/imports/RTL/LUT2coe.m">
      <FileInfo>
        <Attr Name="ImportPath" Val="D:/Documents/temp/RTL/LUT2coe.m"/>
        <Attr Name="ImportTime" Val="1741557180"/>
      </FileInfo>
    </File>
    <File Path="$PSRCDIR/sources_1/imports/RTL/indexMap.coe">
      <FileInfo>
        <Attr Name="ImportPath" Val="D:/Documents/temp/RTL/indexMap.coe"/>
        <Attr Name="ImportTime" Val="1739303933"/>
        <Attr Name="UsedIn" Val="synthesis"/>
        <Attr Name="UsedIn" Val="simulation"/>
      </FileInfo>
    </File>
    <File Path="$PSRCDIR/sources_1/imports/RTL/indexMapping.m">
      <FileInfo>
        <Attr Name="ImportPath" Val="D:/Documents/temp/RTL/indexMapping.m"/>
        <Attr Name="ImportTime" Val="1739303937"/>
      </FileInfo>
    </File>
    <File Path="$PSRCDIR/sources_1/imports/RTL/indexMapV.coe">
      <FileInfo>
        <Attr Name="ImportPath" Val="D:/Documents/temp/RTL/indexMapV.coe"/>
        <Attr Name="ImportTime" Val="1739303940"/>
        <Attr Name="UsedIn" Val="synthesis"/>
        <Attr Name="UsedIn" Val="simulation"/>
      </FileInfo>
    </File>
    <File Path="$PSRCDIR/sources_1/imports/RTL/LUT.coe">
      <FileInfo>
        <Attr Name="ImportPath" Val="D:/Documents/temp/RTL/LUT.coe"/>
        <Attr Name="ImportTime" Val="1743791070"/>
        <Attr Name="UsedIn" Val="synthesis"/>
        <Attr Name="UsedIn" Val="simulation"/>
      </FileInfo>
    </File>
    <File Path="$PSRCDIR/sources_1/imports/RTL/LUT_V.coe">
      <FileInfo>
        <Attr Name="ImportPath" Val="D:/Documents/temp/RTL/LUT_V.coe"/>
        <Attr Name="ImportTime" Val="1743791070"/>
        <Attr Name="UsedIn" Val="synthesis"/>
        <Attr Name="UsedIn" Val="simulation"/>
      </FileInfo>
    </File>
    <Config>
      <Option Name="DesignMode" Val="RTL"/>
      <Option Name="TopModule" Val="Au2_SLI"/>
      <Option Name="TopAutoSet" Val="TRUE"/>
    </Config>
  </FileSet>
  <FileSet Name="constrs_in" Type="Constrs" RelSrcDir="$PSRCDIR/constrs_1" RelGenDir="$PGENDIR/constrs_1">
    <Filter Type="Constrs"/>
    <File Path="$PSRCDIR/constrs_1/imports/RTL/Au2.xdc">
      <FileInfo>
        <Attr Name="ImportPath" Val="D:/Documents/temp/RTL/Au2.xdc"/>
        <Attr Name="ImportTime" Val="1741806391"/>
        <Attr Name="UsedIn" Val="synthesis"/>
        <Attr Name="UsedIn" Val="implementation"/>
      </FileInfo>
    </File>
    <Config>
      <Option Name="ConstrsType" Val="XDC"/>
    </Config>
  </FileSet>
  <FileSet Name="utils" Type="Utils" RelSrcDir="$PSRCDIR/utils_1" RelGenDir="$PGENDIR/utils_1">
    <Filter Type="Utils"/>
    <File Path="$PSRCDIR/utils_1/imports/synth_1/Au2_SLI.dcp">
      <FileInfo>
        <Attr Name="UsedIn" Val="synthesis"/>
        <Attr Name="UsedIn" Val="implementation"/>
        <Attr Name="UsedInSteps" Val="synth_1"/>
        <Attr Name="AutoDcp" Val="1"/>
      </FileInfo>
    </File>
    <Config>
      <Option Name="TopAutoSet" Val="TRUE"/>
    </Config>
  </FileSet>
  <Strategy Version="1" Minor="2">
    <StratHandle Name="Vivado Synthesis Defaults" Flow="Vivado Synthesis 2024"/>
    <Step Id="synth_design"/>
  </Strategy>
  <BlockFileSet Type="BlockSrcs" Name="ref_clk"/>
  <BlockFileSet Type="BlockSrcs" Name="LUT"/>
  <BlockFileSet Type="BlockSrcs" Name="indexMap"/>
  <BlockFileSet Type="BlockSrcs" Name="LUT_V"/>
  <BlockFileSet Type="BlockSrcs" Name="indexMapV"/>
</GenRun>
