<?xml version="1.0" encoding="UTF-8"?>
<GenRun Id="ref_clk_synth_1" LaunchPart="xc7a35tftg256-2" LaunchTime="1743976182">
  <File Type="PA-TCL" Name="ref_clk.tcl"/>
  <File Type="REPORTS-TCL" Name="ref_clk_reports.tcl"/>
  <File Type="RDS-RDS" Name="ref_clk.vds"/>
  <File Type="RDS-UTIL" Name="ref_clk_utilization_synth.rpt"/>
  <File Type="RDS-UTIL-PB" Name="ref_clk_utilization_synth.pb"/>
  <File Type="RDS-DCP" Name="ref_clk.dcp"/>
  <FileSet Name="sources" Type="BlockSrcs" RelSrcDir="$PSRCDIR/ref_clk" RelGenDir="$PGENDIR/ref_clk">
    <File Path="$PSRCDIR/sources_1/ip/ref_clk/ref_clk.xci">
      <FileInfo>
        <Attr Name="UsedIn" Val="synthesis"/>
        <Attr Name="UsedIn" Val="implementation"/>
        <Attr Name="UsedIn" Val="simulation"/>
      </FileInfo>
    </File>
    <Config>
      <Option Name="TopModule" Val="ref_clk"/>
      <Option Name="UseBlackboxStub" Val="1"/>
    </Config>
  </FileSet>
  <FileSet Name="constrs_in" Type="BlockSrcs" RelSrcDir="$PSRCDIR/ref_clk" RelGenDir="$PGENDIR/ref_clk">
    <File Path="$PSRCDIR/sources_1/ip/ref_clk/ref_clk.xci">
      <FileInfo>
        <Attr Name="UsedIn" Val="synthesis"/>
        <Attr Name="UsedIn" Val="implementation"/>
        <Attr Name="UsedIn" Val="simulation"/>
      </FileInfo>
    </File>
    <Config>
      <Option Name="TopModule" Val="ref_clk"/>
      <Option Name="UseBlackboxStub" Val="1"/>
    </Config>
  </FileSet>
  <FileSet Name="utils" Type="Utils" RelSrcDir="$PSRCDIR/utils_1" RelGenDir="$PGENDIR/utils_1">
    <Filter Type="Utils"/>
    <File Path="$PSRCDIR/utils_1/imports/synth_1/Au2_SLI.dcp">
      <FileInfo>
        <Attr Name="UsedIn" Val="synthesis"/>
        <Attr Name="UsedIn" Val="implementation"/>
        <Attr Name="UsedInSteps" Val="synth_1"/>
        <Attr Name="AutoDcp" Val="1"/>
      </FileInfo>
    </File>
    <Config>
      <Option Name="TopAutoSet" Val="TRUE"/>
    </Config>
  </FileSet>
  <Strategy Version="1" Minor="2">
    <StratHandle Name="Vivado Synthesis Defaults" Flow="Vivado Synthesis 2024"/>
    <Step Id="synth_design"/>
  </Strategy>
</GenRun>
