<?xml version="1.0" encoding="UTF-8"?>
<GenRun Id="LUT_synth_1" LaunchPart="xc7a35tftg256-2" LaunchTime="1742029632">
  <File Type="PA-TCL" Name="LUT.tcl"/>
  <File Type="REPORTS-TCL" Name="LUT_reports.tcl"/>
  <File Type="RDS-RDS" Name="LUT.vds"/>
  <File Type="RDS-UTIL" Name="LUT_utilization_synth.rpt"/>
  <File Type="RDS-UTIL-PB" Name="LUT_utilization_synth.pb"/>
  <File Type="RDS-DCP" Name="LUT.dcp"/>
  <FileSet Name="sources" Type="BlockSrcs" RelSrcDir="$PSRCDIR/LUT" RelGenDir="$PGENDIR/LUT">
    <File Path="$PSRCDIR/sources_1/ip/LUT/LUT.xci">
      <FileInfo>
        <Attr Name="ImportPath" Val="D:/Documents/temp/RTL/LUT.xci"/>
        <Attr Name="ImportTime" Val="1741557526"/>
        <Attr Name="UsedIn" Val="synthesis"/>
        <Attr Name="UsedIn" Val="implementation"/>
        <Attr Name="UsedIn" Val="simulation"/>
      </FileInfo>
    </File>
    <Config>
      <Option Name="TopModule" Val="LUT"/>
      <Option Name="UseBlackboxStub" Val="1"/>
    </Config>
  </FileSet>
  <FileSet Name="constrs_in" Type="BlockSrcs" RelSrcDir="$PSRCDIR/LUT" RelGenDir="$PGENDIR/LUT">
    <File Path="$PSRCDIR/sources_1/ip/LUT/LUT.xci">
      <FileInfo>
        <Attr Name="ImportPath" Val="D:/Documents/temp/RTL/LUT.xci"/>
        <Attr Name="ImportTime" Val="1741557526"/>
        <Attr Name="UsedIn" Val="synthesis"/>
        <Attr Name="UsedIn" Val="implementation"/>
        <Attr Name="UsedIn" Val="simulation"/>
      </FileInfo>
    </File>
    <Config>
      <Option Name="TopModule" Val="LUT"/>
      <Option Name="UseBlackboxStub" Val="1"/>
    </Config>
  </FileSet>
  <FileSet Name="utils" Type="Utils" RelSrcDir="$PSRCDIR/utils_1" RelGenDir="$PGENDIR/utils_1">
    <Filter Type="Utils"/>
    <Config>
      <Option Name="TopAutoSet" Val="TRUE"/>
    </Config>
  </FileSet>
  <Strategy Version="1" Minor="2">
    <StratHandle Name="Vivado Synthesis Defaults" Flow="Vivado Synthesis 2024"/>
    <Step Id="synth_design"/>
  </Strategy>
</GenRun>
