<?xml version="1.0"?>
<Runs Version="1" Minor="0">
	<Run Id="LUT_synth_1" LaunchDir="C:/Au2_SLI/Au2_SLI.runs/LUT_synth_1" FlowId="Vivado_Synthesis" FromStepId="vivado" ToStepId="vivado"/>
	<Run Id="LUT_V_synth_1" LaunchDir="C:/Au2_SLI/Au2_SLI.runs/LUT_V_synth_1" FlowId="Vivado_Synthesis" FromStepId="vivado" ToStepId="vivado"/>
	<Run Id="indexMapV_synth_1" LaunchDir="C:/Au2_SLI/Au2_SLI.runs/indexMapV_synth_1" FlowId="Vivado_Synthesis" FromStepId="vivado" ToStepId="vivado"/>
	<Run Id="indexMap_synth_1" LaunchDir="C:/Au2_SLI/Au2_SLI.runs/indexMap_synth_1" FlowId="Vivado_Synthesis" FromStepId="vivado" ToStepId="vivado"/>
	<Run Id="synth_1" LaunchDir="C:/Au2_SLI/Au2_SLI.runs/synth_1" FlowId="Vivado_Synthesis" FromStepId="vivado" ToStepId="vivado">
		<Parent Id="LUT_synth_1"/>
		<Parent Id="LUT_V_synth_1"/>
		<Parent Id="indexMapV_synth_1"/>
		<Parent Id="indexMap_synth_1"/>
	</Run>
	<Parameters>
		<Parameter Name="runs.monitorLSFJobs" Val="true" Type="bool"/>
		<Parameter Name="runs.enableClusterConf" Val="true" Type="bool"/>
		<Parameter Name="general.shortenLongPath" Val="true" Type="bool"/>
	</Parameters>
	<ProductInfo Name="vivado"/>
</Runs>

