<?xml version="1.0"?>
<Runs Version="1" Minor="0">
	<Run Id="ref_clk_synth_1" LaunchDir="C:/MimasA7_SLI/MimasA7_SLI.runs/ref_clk_synth_1" FlowId="Vivado_Synthesis" FromStepId="vivado" ToStepId="vivado"/>
	<Run Id="indexMap_synth_1" LaunchDir="C:/MimasA7_SLI/MimasA7_SLI.runs/indexMap_synth_1" FlowId="Vivado_Synthesis" FromStepId="vivado" ToStepId="vivado"/>
	<Run Id="indexMapV_synth_1" LaunchDir="C:/MimasA7_SLI/MimasA7_SLI.runs/indexMapV_synth_1" FlowId="Vivado_Synthesis" FromStepId="vivado" ToStepId="vivado"/>
	<Run Id="synth_1" LaunchDir="C:/MimasA7_SLI/MimasA7_SLI.runs/synth_1" FlowId="Vivado_Synthesis" FromStepId="vivado" ToStepId="vivado">
		<Parent Id="ref_clk_synth_1"/>
		<Parent Id="indexMap_synth_1"/>
		<Parent Id="indexMapV_synth_1"/>
	</Run>
	<Parameters>
		<Parameter Name="runs.monitorLSFJobs" Val="true" Type="bool"/>
		<Parameter Name="runs.enableClusterConf" Val="true" Type="bool"/>
		<Parameter Name="general.shortenLongPath" Val="true" Type="bool"/>
	</Parameters>
	<ProductInfo Name="vivado"/>
</Runs>

